modelo,clase,precision,recall,f1_score,support
TF-IDF + SGD LogLoss,OK,0.9019607843137255,0.9787234042553191,0.9387755102040817,47.0
TF-IDF + SGD LogLoss,E1,0.9807692307692307,1.0,0.9902912621359223,51.0
TF-IDF + SGD LogLoss,E2,0.9285714285714286,0.9285714285714286,0.9285714285714286,42.0
TF-IDF + SGD LogLoss,E3,1.0,0.9375,0.967741935483871,48.0
TF-IDF + SGD LogLoss,E4,1.0,1.0,1.0,47.0
TF-IDF + SGD LogLoss,E5,1.0,0.9622641509433962,0.9807692307692307,53.0
TF-IDF + SGD LogLoss,E6,1.0,1.0,1.0,40.0
